idPer;idObra;
27965;66;
28892;4975;
27311;78;
21005;85;
26563;85;
11938;87;
10812;90;
27311;91;
13630;145;
35578;145;
13386;146;
25641;146;
1841;152;
13630;154;
22061;153;
34997;159;
13510;170;
14;173;
26807;179;
29645;183;
8749;187;
1240;189;
2426;189;
36806;191;
13355;194;
34893;194;
26792;195;
33594;199;
30008;201;
11331;205;
3111;207;
21190;207;
31830;207;
37770;207;
25704;208;
1155;221;
11396;221;
16976;221;
35275;223;
32954;231;
8764;247;
13630;246;
16844;246;
8498;296;
15246;301;
12532;303;
32393;303;
35485;307;
8396;311;
13574;311;
23284;311;
29195;311;
14470;327;
13979;328;
6498;342;
37616;342;
7764;344;
26396;380;
31727;361;
3082;389;
21063;1611;
13364;417;
9927;419;
881;421;
27087;421;
10362;435;
5717;441;
11531;446;
13630;446;
26806;472;
24170;487;
11771;513;
3104;516;
10467;519;
35834;519;
27311;530;
21006;538;
11531;558;
24611;558;
36700;568;
2778;576;
19354;576;
34356;577;
35893;577;
3021;600;
24869;609;
36926;609;
31228;611;
35503;618;
7743;620;
13922;639;
35024;639;
8412;651;
21601;663;
1155;676;
15611;676;
13128;703;
16066;703;
16301;715;
33460;720;
22981;755;
13128;688;
13128;689;
13128;710;
13128;909;
13128;2031;
13128;2164;
13128;3148;
13128;3721;
13128;4085;
13128;4067;
13128;4282;
13128;4406;
21005;765;
16581;767;
26060;770;
7753;773;
16730;797;
26806;810;
32205;810;
932;818;
15997;829;
13725;834;
14702;834;
24902;834;
28900;834;
15116;832;
15343;1859;
18468;4774;
18752;903;
37677;910;
15349;916;
36209;918;
9968;920;
13630;920;
33158;930;
19167;937;
19234;938;
4896;939;
33460;957;
26474;974;
13630;990;
2811;992;
3572;994;
1155;995;
2781;995;
26638;995;
30565;998;
19424;999;
29543;999;
2809;1008;
16726;1008;
28042;1008;
21005;1015;
14470;1023;
13630;1036;
14761;1036;
18433;1053;
11926;1060;
36772;250;
36772;3783;
4486;4649;
9155;4659;
10666;4659;
13630;1063;
13422;1063;
22657;1065;
34705;1068;
2387;1080;
16831;1095;
13295;1087;
20299;1092;
13619;1098;
28149;1130;
25779;1139;
28104;1140;
8771;942;
35984;942;
2731;1142;
3169;1142;
10614;1142;
18016;1142;
30850;1142;
33563;1142;
36773;1142;
6220;1151;
12614;1151;
36640;1151;
36949;1151;
28632;1157;
16608;1175;
31005;1175;
35485;1178;
35578;1180;
29309;1188;
8963;1207;
6357;1212;
37207;4308;
1920;5345;
1835;1192;
10025;1192;
18721;1192;
18685;1220;
16710;1223;
14994;1227;
824;1231;
29589;1232;
14093;1241;
13364;1251;
35847;1254;
8100;1259;
12903;1259;
18831;1259;
31245;1275;
19309;1287;
18468;1288;
19311;51;
27311;1297;
11616;1304;
24170;1299;
30976;1310;
19880;1266;
10812;1319;
31249;1319;
27681;1322;
9485;1334;
13339;1350;
29080;1357;
3034;1361;
14024;1365;
14349;1371;
16988;1371;
29960;1378;
5778;1434;
14994;1434;
29010;1477;
23202;1481;
9815;1500;
8061;1514;
24964;1514;
31763;1515;
1062;1530;
12226;1537;
30565;1554;
13295;1555;
3073;1546;
31393;1573;
7764;1595;
17617;1600;
29521;1640;
36806;1642;
19191;1646;
26158;1646;
37768;1657;
5924;1669;
22168;1672;
16921;1675;
13295;1738;
19311;1766;
10631;1779;
34704;1779;
481;1800;
19484;1800;
27681;1800;
8735;1806;
25789;1822;
5774;1825;
2731;1827;
4141;1827;
20404;1827;
33405;1827;
8631;1858;
8607;1884;
34409;1884;
1565;1904;
7628;1398;
20965;1913;
4444;1423;
30589;1927;
20330;1989;
17171;1996;
10812;1998;
3428;2023;
22075;2024;
6521;2030;
8293;2030;
16048;2030;
6908;2038;
35649;2038;
24170;2039;
13226;2041;
19383;2041;
16131;2044;
2148;2049;
4896;2060;
18831;2060;
293;2092;
8814;2112;
22874;2112;
26961;2112;
30285;2112;
37770;2112;
10535;2125;
4896;2128;
27731;2135;
28043;2135;
24170;2159;
16505;2174;
16290;2178;
961;2182;
8100;2182;
31662;2182;
37760;2197;
20847;2200;
10812;2206;
13364;2210;
35503;2233;
35355;2246;
24594;2251;
13608;2254;
24170;2257;
10924;2258;
32715;2260;
35355;2261;
13041;2263;
11391;2276;
22291;2276;
3978;2279;
24057;2279;
21235;2301;
26375;2302;
20521;2243;
29100;2330;
19635;3283;
25010;3283;
26563;2338;
17500;2340;
35452;2351;
32674;2353;
11331;2354;
13630;2354;
28609;1147;
16844;2359;
17296;2361;
35578;2362;
5717;2387;
21491;2398;
13151;5228;
24598;5228;
11235;2402;
15564;2402;
20062;2402;
13364;2404;
6102;2410;
12031;2410;
16844;2417;
11771;2418;
17641;319;
18468;319;
36030;1386;
18468;3072;
17641;3168;
4794;2427;
19311;2432;
13510;2462;
29729;2474;
30024;2474;
25779;2476;
16550;2494;
17808;2494;
23041;2494;
32086;2494;
16727;2501;
31464;2518;
13175;3942;
8415;2560;
15534;2561;
27681;2570;
8169;2588;
5689;2612;
24327;2615;
27621;2638;
31372;2640;
22168;2635;
35912;2642;
13295;2653;
23429;2669;
10962;2691;
24869;2713;
9927;2714;
18468;3403;
24902;3482;
30872;3482;
32796;3482;
27941;3485;
33358;3526;
24167;2776;
26577;2807;
22238;2831;
26227;2835;
20299;2851;
3111;2881;
35485;2881;
2677;2882;
28994;2889;
27058;2895;
24746;2785;
35893;2785;
6315;2787;
7391;2932;
15343;2959;
18468;2959;
13364;2976;
21005;2976;
4794;3008;
10;3016;
31830;3029;
16581;3032;
1155;3086;
19191;3095;
1835;2794;
18721;2794;
4411;3104;
36030;3104;
31264;3112;
26475;3127;
7391;3156;
12092;3166;
22657;3177;
34580;3177;
3613;3181;
24170;3185;
2677;3188;
17191;3211;
1473;3227;
31989;3255;
24185;3261;
2731;3281;
18120;3281;
26792;3290;
26060;3305;
19311;3306;
27914;3310;
27058;3321;
18508;3325;
4141;3366;
24403;3377;
34607;3414;
8637;3431;
13339;3431;
16413;3434;
17761;3434;
36240;3442;
12797;3443;
28609;3443;
2778;3453;
26227;3453;
12532;3460;
33369;3487;
18433;3495;
36030;557;
31989;1397;
36030;1932;
18468;3011;
7555;3949;
36030;4671;
31989;4750;
31989;4881;
20485;3502;
5592;3499;
5593;3499;
518;3505;
11614;3505;
13712;3505;
15563;3510;
23496;3521;
8100;3522;
3109;3535;
35847;3547;
16052;3561;
24170;3569;
23202;3574;
1121;3574;
8963;3537;
8607;3590;
31827;3599;
34356;3602;
14447;3603;
9485;3636;
18831;3649;
16710;3674;
24170;3307;
32796;3480;
704;3685;
12085;3690;
23827;3690;
27311;3693;
2834;3697;
14349;3697;
24869;3697;
36926;3697;
33488;2004;
13630;3746;
18468;3749;
23078;3759;
23307;3759;
37688;3759;
28960;3765;
3149;3766;
16502;3766;
37130;3766;
13979;3774;
13979;3775;
30920;3731;
15378;3818;
1155;3832;
1991;3845;
26145;3845;
11573;3852;
35115;3852;
29089;47;
29089;53;
29089;991;
29089;1045;
29089;1633;
29089;2532;
29089;2799;
29089;3494;
29089;3606;
29089;4640;
29089;4892;
29089;5378;
15669;3859;
16956;3866;
33944;3904;
2758;3911;
24611;3918;
16710;3931;
20847;3944;
1373;3945;
4141;3974;
2811;3994;
11152;4006;
29170;3696;
3950;3695;
30409;3792;
11573;3830;
10126;3926;
16505;4003;
26664;4003;
34951;4003;
36107;4004;
14943;4019;
19670;4019;
21923;4019;
28193;4040;
30159;4050;
3978;4072;
12492;4072;
1782;4073;
28033;4073;
7743;4081;
37512;4119;
20550;4123;
8044;4127;
28631;4130;
23272;4133;
12297;3857;
15343;1963;
34466;4151;
27414;4162;
26792;4170;
35462;4171;
1592;4176;
5442;4176;
10467;4176;
13630;4178;
16301;4181;
9603;4190;
18433;4223;
7290;4237;
10012;4237;
18433;4247;
25699;4249;
5992;4266;
21005;4272;
1155;4276;
1884;4284;
7328;4284;
10362;4284;
23202;4284;
1874;4289;
11917;4293;
29599;4293;
12343;4306;
20216;4306;
22050;4306;
23909;4306;
29452;4306;
31662;4306;
35571;4306;
31166;4251;
14233;339;
34924;1618;
14233;2611;
885;3197;
8767;4259;
23012;5032;
4794;4369;
2450;4381;
14447;4385;
5725;4426;
11569;4440;
29821;4440;
30647;4440;
35551;4440;
21491;4442;
35999;4442;
7830;4447;
2631;4456;
3960;4456;
13868;4456;
16505;4468;
30008;4471;
33140;4471;
7328;4486;
5006;4495;
7416;4500;
11836;4503;
13630;4503;
2911;4517;
13510;4545;
9927;4262;
24449;4581;
27311;4581;
8607;4585;
10924;4593;
29645;4596;
30214;4605;
16921;4567;
14164;4614;
14994;4628;
31519;4684;
2832;4701;
2832;4702;
13295;4715;
31989;4715;
18120;4717;
5951;4718;
27311;4721;
33460;4730;
16776;4737;
16243;4739;
24949;4739;
34460;4739;
33594;4776;
4879;4797;
30410;4797;
16301;4800;
579;4798;
2832;4802;
28033;4802;
2813;4818;
25789;3203;
5760;4838;
31989;4858;
13339;4865;
12507;4877;
13614;4889;
30409;4897;
8412;4904;
28666;4905;
30409;4907;
7821;4917;
26961;4950;
3072;4957;
18897;4957;
12492;4968;
11260;4968;
15455;4968;
29402;4974;
5266;4979;
24989;4986;
18659;5002;
12792;5015;
5778;4724;
11555;4934;
3588;5025;
16234;5025;
13630;5034;
7056;5047;
29729;5047;
7102;5050;
13289;5050;
20439;5050;
12949;5051;
34466;5051;
25535;5053;
22748;5062;
14736;5077;
31254;5077;
24449;5079;
14902;5088;
15343;5105;
35485;5112;
24737;5118;
17131;1153;
17131;1226;
17131;1278;
17131;1279;
17131;1280;
17131;1281;
17131;1283;
21690;5124;
24388;5126;
20868;5127;
23429;5133;
4141;5149;
5932;5156;
30008;5177;
21006;5206;
33422;5210;
24170;5250;
3104;5270;
12484;5276;
16066;5285;
18289;5285;
7600;5287;
10540;5299;
11077;5346;
34619;5351;
27731;5355;
27311;5359;
20162;5360;
3708;5362;
13128;5391;
17618;5391;
5811;5392;
27311;5419;
11331;5438;
33460;5445;
2582;5474;
11331;5475;
32950;5476;
24170;5482;
30539;5508;
34833;5534;
31727;5538;
29124;5541;
14063;5543;
31186;5543;
26806;5561;
34260;5567;
11531;5570;
1874;5574;
35451;5575;
28188;5579;
18689;5582;
33460;5585;
13630;5595;
28666;5595;
18468;5593;
28609;5593;
21144;5533;
4141;5611;
16844;5616;
25041;5617;
27275;5617;
25641;5618;
15010;5623;
22657;5623;
31569;5623;
22728;5647;
23909;5666;
23325;5672;
13289;3105;
11614;22;
950;105;
5983;120;
24173;120;
28188;121;
28193;119;
4311;128;
6839;264;
37499;4121;
14751;4163;
35189;64;
13243;62;
14112;63;
2637;67;
16096;68;
7156;69;
21601;70;
32093;73;
1082;74;
31268;74;
4064;75;
23067;76;
34270;77;
30404;79;
19470;80;
2001;81;
1079;89;
10951;89;
22342;92;
25286;93;
28528;93;
30255;94;
7385;96;
8306;97;
1245;98;
22165;98;
36195;99;
4981;133;
5757;143;
18216;147;
2632;150;
10213;135;
14691;137;
18788;138;
2637;156;
27456;166;
31405;157;
14112;160;
14663;161;
37170;167;
7926;168;
35582;174;
23768;177;
11475;178;
25879;178;
6107;176;
2615;182;
31437;188;
5981;192;
5107;140;
23272;196;
23655;200;
7472;206;
30994;141;
26049;209;
12554;210;
20916;211;
37704;213;
6551;214;
22720;215;
1311;216;
27316;218;
35962;219;
26596;220;
16798;222;
8947;224;
377;225;
29525;227;
27471;228;
18543;229;
2494;232;
10202;233;
30630;233;
2656;235;
25522;236;
26678;237;
31189;237;
31127;238;
34953;240;
358;241;
2994;239;
15997;242;
492;243;
18451;244;
33488;245;
19701;249;
7569;251;
5992;252;
20675;253;
18451;254;
18788;234;
12862;255;
7273;258;
4627;259;
6691;259;
10841;263;
21301;263;
22325;267;
27456;268;
34949;270;
28528;269;
10668;271;
25402;262;
19321;272;
3789;274;
25154;275;
31118;275;
19150;277;
773;278;
2512;278;
2637;279;
11544;280;
19187;281;
6693;284;
11332;285;
24888;286;
2637;287;
16283;290;
25119;288;
33845;288;
7176;292;
37768;293;
25402;295;
18508;297;
14164;298;
14034;299;
13175;300;
11573;304;
5981;305;
19461;306;
19577;306;
36195;289;
36945;308;
2012;309;
2012;312;
19447;313;
14751;314;
36195;315;
19447;316;
2637;317;
27456;318;
25402;320;
27943;321;
19447;323;
8061;324;
31791;325;
6019;329;
13175;330;
6830;331;
10472;333;
33926;334;
2668;336;
11486;335;
31795;337;
14098;340;
15621;341;
33679;343;
6019;345;
6424;346;
3484;347;
23827;348;
8188;349;
27456;350;
6055;351;
8814;352;
2506;353;
1744;354;
31314;355;
18642;359;
31832;360;
27471;363;
9145;364;
21249;365;
32108;365;
21245;366;
22335;371;
13337;372;
16773;372;
32345;373;
35482;373;
20721;374;
29395;375;
17061;376;
5992;378;
19135;379;
32478;381;
4983;382;
15960;382;
7631;383;
23892;362;
26764;384;
31405;385;
11544;388;
34871;390;
9931;393;
6691;394;
6314;395;
16589;396;
6162;399;
6500;400;
19989;403;
31042;405;
16280;406;
13577;407;
11019;408;
11433;409;
36195;411;
14098;415;
33030;416;
31907;418;
2231;420;
31619;420;
16608;412;
16110;423;
2365;426;
3848;426;
20725;427;
37207;428;
12032;429;
21116;430;
26705;431;
30572;431;
27471;433;
5815;434;
30750;437;
30750;439;
11805;442;
28511;443;
37170;448;
25073;449;
690;451;
4277;452;
37207;453;
23272;454;
3413;455;
15603;456;
10179;457;
24429;459;
11544;464;
34342;465;
14751;466;
14751;467;
37615;468;
24247;469;
35360;470;
953;471;
7922;473;
19677;474;
29111;474;
6548;475;
29728;475;
18431;476;
4869;477;
19447;478;
23750;479;
23907;480;
1744;481;
7032;482;
27456;491;
13175;492;
13175;493;
37615;495;
37615;494;
2656;496;
19074;483;
8814;485;
3291;486;
4826;498;
550;501;
8154;502;
11608;503;
342;504;
15563;504;
27477;505;
11544;506;
432;507;
31935;509;
16327;510;
8188;511;
2365;512;
21009;514;
541;508;
22256;508;
27161;517;
12312;518;
24638;521;
36874;522;
33030;523;
9504;524;
953;528;
30229;529;
1884;531;
29947;532;
28511;537;
12549;539;
13366;540;
25263;540;
27161;410;
35458;541;
20210;542;
27926;544;
27926;543;
33912;545;
12554;546;
4523;547;
8061;548;
2192;550;
16084;551;
19382;552;
957;553;
16084;554;
28948;555;
12284;556;
24888;560;
11171;561;
12554;562;
15721;563;
11054;565;
12492;565;
14062;565;
22058;565;
29125;565;
34309;565;
19187;564;
7320;566;
9662;566;
11485;566;
16838;569;
17541;572;
31005;572;
35734;571;
5598;573;
2669;570;
880;574;
18862;578;
13193;579;
15135;580;
18729;581;
11486;567;
32381;582;
23012;583;
8838;584;
7472;585;
33494;586;
34706;587;
26190;588;
4524;591;
22728;592;
7631;595;
12565;596;
28948;597;
30966;598;
6760;599;
468;604;
13145;605;
4808;606;
26516;607;
12498;610;
21745;610;
7199;612;
18312;613;
9575;614;
21257;615;
24888;616;
19989;617;
23774;622;
1347;625;
3582;626;
30751;627;
30585;628;
922;630;
3391;632;
7130;632;
18431;633;
14447;636;
7885;637;
31907;638;
15142;640;
1481;641;
15069;643;
35765;645;
37205;646;
2297;647;
29172;648;
12554;650;
26576;653;
12097;654;
12554;655;
9242;656;
37881;658;
12310;659;
3756;660;
25286;664;
28528;664;
16997;665;
11530;666;
11545;668;
25402;667;
1494;669;
25519;670;
30750;652;
21378;671;
2183;674;
22290;672;
4307;675;
37072;678;
32772;679;
21181;680;
21241;683;
31360;684;
4355;685;
5343;682;
28511;687;
8425;681;
34953;692;
19989;559;
14670;603;
34075;854;
14225;843;
33020;694;
10553;693;
2192;695;
34924;696;
550;697;
24952;698;
13369;701;
34476;702;
14629;704;
24979;705;
27399;706;
28511;708;
27477;716;
11544;719;
20025;721;
21116;722;
28528;724;
14879;725;
21149;725;
32381;718;
15595;726;
13633;729;
1744;730;
690;731;
3639;733;
23740;734;
12298;735;
12554;737;
26579;739;
15653;738;
27456;740;
8154;744;
25854;745;
6021;732;
20594;753;
21063;758;
3904;749;
13175;750;
28075;751;
25399;752;
34702;752;
11849;761;
3565;762;
19989;764;
29461;768;
33030;768;
14370;771;
28759;771;
3756;772;
25402;775;
20725;776;
11264;777;
30732;779;
22977;781;
19276;782;
4774;784;
19693;785;
2001;786;
15426;788;
2765;789;
32713;789;
377;790;
19323;791;
10765;792;
29857;793;
31907;798;
25286;795;
19526;796;
27161;799;
17095;802;
22642;800;
15089;801;
377;803;
15126;804;
922;805;
13243;806;
15510;807;
21245;808;
6107;809;
15133;811;
15594;812;
2179;813;
4357;815;
16136;815;
27471;787;
36806;817;
24470;816;
13175;819;
19520;820;
5598;821;
19505;822;
6080;823;
31133;824;
16987;825;
28075;826;
4228;827;
22325;830;
34305;831;
28892;833;
3351;835;
2687;836;
12581;836;
14164;837;
21063;838;
18785;839;
10695;840;
20438;841;
29947;842;
35589;709;
19382;711;
16774;713;
32976;844;
25402;845;
1744;847;
8947;848;
550;849;
7885;851;
5310;858;
28511;859;
33794;861;
2375;863;
28178;864;
30235;865;
30750;866;
11805;867;
36915;869;
20600;870;
34702;871;
14918;872;
432;873;
18543;874;
26539;874;
34626;874;
9511;875;
6551;876;
3557;877;
6708;877;
27456;877;
13575;878;
34383;878;
18451;879;
14306;881;
26503;882;
32215;868;
23183;885;
28724;886;
32920;887;
27161;888;
21277;890;
6201;891;
27061;894;
6060;895;
22325;896;
11530;897;
27161;900;
34095;904;
2669;905;
6896;906;
13633;907;
37356;907;
19505;914;
4171;911;
12554;915;
33030;917;
4475;889;
6854;924;
1744;922;
7942;923;
18543;926;
3565;927;
18431;927;
18451;929;
29105;928;
29106;928;
31642;933;
27590;934;
14183;940;
36715;940;
32639;944;
16800;945;
2685;946;
13329;948;
28178;950;
20207;951;
14919;952;
2701;955;
8046;956;
28075;959;
11805;963;
10362;964;
30969;967;
35990;968;
16066;969;
12388;972;
37605;970;
12167;973;
28167;975;
6173;978;
22659;979;
26049;980;
13366;981;
1815;982;
18425;983;
22335;984;
26576;985;
13457;989;
14422;996;
36291;997;
12554;1001;
29925;1001;
25308;1000;
13222;1004;
12754;1006;
36100;1007;
26035;1010;
14;1012;
15133;1013;
36216;1016;
377;1018;
33020;1019;
26764;1021;
25467;1020;
11647;1022;
35590;1024;
33523;1025;
10455;1026;
5981;1027;
11590;1027;
8454;1028;
4086;1030;
4444;1031;
28511;1033;
16797;1037;
35189;1038;
11486;1039;
13306;1040;
682;1041;
28419;1042;
8188;1043;
25985;1047;
15595;1048;
7926;1050;
24936;1051;
13243;1052;
12266;1055;
12388;1056;
2765;1059;
18587;1057;
15133;1061;
9578;1064;
31189;1071;
1145;1072;
19765;1074;
12918;1075;
34095;1077;
25402;1078;
8188;1079;
3337;1081;
2637;1096;
26257;1097;
23289;1066;
12646;1067;
24591;1067;
31907;1069;
3187;1073;
25715;1084;
15089;1085;
35903;1086;
30285;1089;
27569;1090;
6830;1099;
16429;1100;
30847;1101;
18425;1102;
9511;1103;
9511;1104;
13128;1105;
9511;1106;
10941;1107;
33556;1108;
6019;1109;
11805;1110;
14426;1111;
340;1112;
28040;1113;
21662;1114;
25577;1114;
4774;1116;
8061;1117;
14924;1120;
25402;1121;
647;1122;
25402;1124;
4994;1125;
7472;1125;
7907;1125;
8061;1125;
13355;1125;
21277;1125;
22874;1125;
33921;1125;
34893;1125;
7472;1129;
9286;1129;
10843;1129;
13329;1129;
15595;1129;
22659;1129;
25430;1129;
33494;1129;
34924;1131;
36291;1132;
23012;1133;
28167;1134;
342;1137;
19889;728;
10132;958;
16110;962;
34924;965;
3526;966;
22485;1141;
4774;1144;
28892;1143;
6500;1145;
6500;1146;
3497;1148;
22659;1149;
24593;1150;
12554;1152;
36396;1155;
23106;1158;
31569;1159;
34628;1160;
14112;1163;
11498;1161;
9948;1167;
11805;1168;
3756;1174;
2365;1176;
26273;1177;
12281;1181;
31264;1189;
11096;1191;
18508;1193;
21257;1197;
7472;1198;
28221;1199;
22342;1200;
14164;1204;
13355;1205;
13274;1206;
6542;1209;
28948;1210;
1494;1211;
2375;1211;
14870;1211;
30235;1211;
632;1213;
13577;1213;
24190;1213;
28826;1213;
10695;1214;
5981;1215;
14871;1216;
7926;1217;
15595;1218;
2656;1221;
27959;1222;
23751;1224;
31907;1225;
16729;1228;
18508;1230;
2432;1234;
36283;1235;
16838;1236;
2685;1240;
16838;1237;
7032;1238;
16838;1242;
1373;1243;
29946;1244;
3355;1245;
12565;1246;
3221;1247;
3223;1247;
3221;1248;
3223;1248;
5992;1249;
3582;1250;
16283;1253;
18465;1255;
33722;1256;
27456;1260;
101;1263;
5598;1263;
647;1264;
28618;1267;
4498;1269;
3291;1277;
2297;1284;
30598;1282;
26941;1286;
17574;1289;
4524;1292;
29454;1293;
13750;1295;
35772;1296;
7629;1298;
27456;1300;
8279;1301;
21008;1305;
8156;1306;
25402;1307;
2506;1308;
9420;1309;
12862;1311;
13329;1312;
36945;1313;
647;1265;
19074;1316;
7615;1317;
13329;1320;
19074;1320;
8477;1321;
16816;1326;
13865;1327;
35734;1328;
36550;1332;
33494;1329;
22290;1330;
36583;1333;
25402;1338;
32083;1339;
24374;1342;
32188;1342;
1353;1353;
34729;1354;
4762;1343;
27569;1346;
14112;1347;
19279;1348;
16953;1349;
22126;1351;
8095;1352;
6853;1355;
31915;1356;
534;1358;
17687;1336;
11544;1337;
644;1360;
5888;1362;
36301;1363;
29947;1366;
28618;1367;
14751;1368;
31907;1369;
26809;1372;
27477;1196;
23916;1201;
26126;1219;
24675;1261;
34953;1270;
1558;1272;
4376;1273;
31405;1273;
2668;1274;
14729;1374;
36021;1376;
37521;1377;
11188;1380;
1243;1381;
34893;1382;
19793;1383;
4301;1399;
13175;1401;
12554;1400;
28511;1403;
11442;1404;
3187;1402;
11805;1406;
8629;1407;
17002;1408;
9511;1410;
18642;1411;
19928;1412;
37770;1413;
14361;1414;
1744;1415;
31907;1416;
9433;1417;
25344;1418;
698;1419;
14447;1420;
377;1421;
11119;1422;
14588;1427;
23247;1430;
1746;1429;
25402;1431;
14871;1432;
2432;1433;
37170;1433;
18451;1435;
3121;1437;
20210;1438;
16228;1436;
21378;1439;
12554;1440;
13355;1441;
6548;1442;
29728;1442;
6331;1443;
15440;1444;
15454;1444;
30941;1444;
34988;1444;
24127;1445;
2945;1446;
34706;1428;
6622;1447;
16774;1448;
5888;1450;
23496;1384;
37170;1451;
19452;1452;
10434;1453;
12503;1454;
34393;1455;
23434;1456;
22525;1457;
8814;1459;
8477;1385;
1390;1460;
3982;1461;
15382;1462;
8061;1463;
18451;1464;
29947;1466;
11091;1467;
24127;1468;
30966;1469;
19977;1470;
20754;1470;
12413;1474;
29703;1476;
12554;1473;
17569;1479;
24127;1480;
8498;1482;
13612;1483;
11486;1484;
3756;1465;
28538;1485;
35360;1486;
29490;1487;
20594;1488;
30966;1489;
12554;1491;
29925;1491;
13128;1492;
12281;1387;
909;1493;
28538;1494;
15599;1496;
29946;1495;
18652;1497;
37521;1501;
28330;1503;
5992;1504;
11545;1505;
5284;1506;
32785;1506;
22335;1507;
3565;1509;
6484;1512;
377;1513;
15595;1516;
29131;1517;
13175;1519;
13175;1518;
24459;1520;
22728;1521;
8498;1522;
18050;1523;
30631;1525;
25402;1526;
25402;1527;
27569;1528;
28538;1529;
18710;1531;
7472;1532;
30277;1533;
11077;1534;
9485;1536;
31361;1536;
33494;1538;
5598;1541;
21115;1549;
16800;1550;
14164;1551;
21601;1552;
22325;1553;
7942;1556;
13655;1556;
24923;1556;
26273;1556;
29125;1556;
11805;1557;
31907;1388;
3565;1558;
21051;1539;
16798;1540;
30565;1542;
11096;1544;
24888;1547;
29316;1548;
11077;1389;
8061;1561;
16617;1562;
20;1563;
17465;1564;
2365;1565;
18495;1566;
28528;1567;
34702;1568;
22335;1571;
25402;1569;
29612;1570;
21213;1572;
31263;1576;
18196;1577;
11844;1579;
19424;1580;
29131;1581;
4808;1582;
15133;1583;
17930;1584;
28499;1585;
2661;1586;
22484;1587;
7958;1588;
7958;1589;
21072;1590;
18508;1591;
26249;1593;
26250;1593;
26251;1593;
1186;1594;
2365;1596;
31464;1597;
27900;1390;
19292;1599;
16774;1603;
11805;1609;
16300;1610;
34876;1604;
8915;1605;
17611;1605;
2437;1612;
30716;1612;
6548;1614;
29728;1614;
14924;1615;
28193;1617;
26049;1391;
25402;1619;
37770;1620;
17291;1621;
4343;1623;
35965;1624;
24974;1625;
7631;1626;
33765;1627;
18541;1628;
13849;1629;
22168;1630;
31118;1631;
2365;1632;
24865;1634;
12554;1635;
26961;1636;
32945;1637;
27569;1638;
6548;1639;
29728;1639;
33794;1641;
12554;1643;
24127;1644;
11843;1392;
12554;1645;
29925;1645;
6010;1647;
12565;1648;
32801;1649;
7631;1650;
909;1654;
18431;1655;
37170;1656;
6080;1659;
26501;1660;
33488;1661;
3756;1665;
14038;1665;
27161;1667;
9084;1668;
21245;1670;
21971;1671;
26346;1673;
12739;1674;
682;1677;
18642;1678;
12554;1679;
31729;1680;
5888;1681;
14248;1682;
9869;1683;
29726;1685;
34706;1686;
2494;1688;
20684;1688;
3390;1687;
26554;1690;
25402;1691;
22234;1694;
35336;1694;
8270;1695;
32331;1696;
29947;1697;
13329;1699;
1744;1393;
1744;1394;
29947;1692;
16838;1693;
24888;1700;
17561;1702;
29590;1703;
25286;1704;
11530;1706;
13541;1707;
10024;1708;
2685;1709;
35540;1712;
377;1713;
13190;1714;
12032;1719;
16589;1720;
18508;1723;
12554;1722;
29925;1722;
36945;1725;
25154;1726;
7935;1727;
9575;1724;
29224;1728;
29177;1730;
6548;1732;
29728;1732;
28221;1734;
15426;1739;
12094;1740;
26054;1740;
31338;1740;
19447;1701;
34309;1733;
4739;1741;
37665;1742;
2012;1743;
36195;1744;
9511;1745;
23012;1747;
7631;1749;
19676;1749;
12554;1751;
9433;1753;
10609;1753;
16983;1752;
10223;1754;
8726;1756;
7014;1757;
10668;1758;
25715;1759;
12412;1760;
14751;1761;
27477;1763;
13190;1764;
25217;1767;
19693;1765;
2012;1769;
25402;1770;
7923;1772;
1966;1774;
20916;1773;
2297;1775;
18432;1776;
172;1771;
21277;1777;
29454;1780;
37615;1781;
18508;1782;
27471;1783;
17002;1786;
22728;1784;
25265;1787;
13770;1788;
16800;1790;
16800;1789;
2285;1791;
30235;1792;
16779;1793;
12445;1794;
23247;1795;
2979;1796;
28511;1797;
377;1798;
36785;1799;
21232;1801;
25402;1803;
28892;1804;
19889;1805;
32387;1805;
34953;1807;
24179;1395;
8522;1811;
2979;1812;
22728;1768;
15114;1816;
25402;1818;
8413;1820;
34921;1821;
30475;1823;
2637;1824;
24127;1828;
23712;1829;
22659;1830;
15595;1831;
34953;1832;
8279;1833;
27161;1836;
30750;1837;
35169;1838;
25402;1839;
7472;1834;
28511;1835;
13791;1842;
37381;1843;
37810;1843;
16800;1844;
15602;1846;
12032;1847;
15133;1850;
13329;1851;
12413;1852;
8947;1863;
33592;1864;
12554;1865;
31189;1856;
17023;1857;
18107;1854;
4212;1869;
12554;1871;
880;1872;
27926;1873;
10804;1874;
15293;1875;
25402;1876;
8524;1878;
13791;1879;
13369;1880;
12565;1881;
34706;1882;
922;1883;
10804;1887;
7907;1862;
20249;1870;
33459;1877;
14836;1888;
23047;1889;
16211;1891;
35540;1890;
2297;1892;
683;1894;
22290;1897;
12554;1895;
21717;1895;
2701;1896;
24910;1898;
27456;1899;
16774;1901;
6622;1900;
7029;1900;
19424;1905;
1353;1906;
15258;1908;
18758;1909;
26557;1909;
17175;1911;
28724;1912;
27161;1914;
27569;1907;
10298;1915;
21584;1930;
14943;1931;
32949;1938;
37235;1939;
21277;1933;
11530;1934;
35540;1935;
4769;1936;
26598;1937;
28040;1937;
30533;1937;
101;1940;
20778;1942;
27471;1943;
18451;1944;
23892;1945;
1180;1946;
1181;1946;
276;1947;
27569;1948;
10924;1949;
11019;1951;
11019;1950;
22234;1952;
13329;1953;
34676;1956;
31989;1957;
21650;1424;
20405;1425;
2615;1917;
27569;1919;
27569;1918;
20546;1920;
24127;1921;
5663;1922;
2637;1923;
15426;1924;
13724;1925;
20207;1926;
27428;1928;
28040;1929;
6492;1959;
37047;1959;
20513;1961;
31907;1962;
6080;1964;
14751;1965;
7774;1969;
14163;1966;
1859;1967;
4475;1968;
25402;1970;
13059;1972;
28505;1975;
7477;1976;
29153;1976;
21032;1977;
11486;1978;
5598;1979;
2297;1980;
26148;1981;
597;1982;
19846;1983;
10765;1984;
12281;1985;
16953;1986;
19379;1990;
12554;1993;
377;1994;
15426;1995;
23106;1997;
15775;2000;
5673;2003;
14758;2003;
19447;2006;
23892;2007;
18642;2012;
25985;2015;
12833;2016;
34706;2017;
35630;1988;
28528;2020;
27900;2021;
15706;2022;
19846;2025;
24638;2027;
2012;2028;
8061;2029;
13128;2034;
12412;2036;
28948;2037;
20302;2040;
24327;2042;
27419;2046;
12306;2047;
11608;2051;
26503;2053;
16829;2054;
14447;2055;
11573;2056;
11264;2061;
23193;2061;
12554;2062;
29925;2062;
29543;2064;
11078;2065;
922;2066;
25286;2067;
8279;2069;
8915;2070;
13225;2071;
13356;2072;
19836;2074;
33494;2075;
5504;2077;
21378;2078;
12401;2082;
20246;2083;
31133;2084;
3848;2085;
32586;2086;
4774;2087;
25398;2088;
25402;2088;
31056;2091;
18216;2093;
8270;2094;
17637;2095;
16953;2096;
27171;2099;
27900;2099;
3756;2100;
16327;2101;
3565;2103;
21116;2104;
12554;2105;
13791;2106;
28684;2107;
10434;2108;
5213;2109;
28609;2111;
2683;2113;
7942;2114;
18431;2115;
19160;2110;
37651;2117;
14751;2118;
371;2121;
22010;2122;
18543;2123;
33994;2124;
8061;2126;
15807;2129;
26572;2130;
5568;2131;
2979;2132;
15699;2136;
14163;2137;
11077;2139;
4774;2140;
10924;2144;
29931;2145;
27083;2146;
377;2147;
12281;2148;
12643;2149;
19683;2150;
22290;2143;
22872;2151;
22874;2151;
36512;2152;
13096;2154;
31005;2166;
35867;2167;
9286;2168;
18508;2177;
18642;2179;
1665;2181;
33476;2181;
25402;2187;
25402;2191;
27959;2193;
8061;2194;
18642;2195;
19451;2196;
15950;2180;
572;2201;
27083;2202;
12554;2203;
37552;2204;
37881;2207;
35498;2209;
8932;2211;
34702;2214;
9575;2213;
32193;2215;
32193;2216;
20684;2218;
28909;2219;
4774;2220;
377;2221;
27456;2222;
3633;2223;
27456;2223;
8344;2225;
29512;2225;
22058;2226;
4359;2227;
3187;2228;
23136;2229;
26961;2234;
647;2236;
37770;2237;
34953;2238;
34953;2239;
1888;2240;
16110;2241;
13355;2242;
12554;2245;
17579;2247;
12554;2248;
29925;2248;
18862;2249;
2683;2252;
1744;2253;
20725;2255;
33592;2259;
2437;2262;
30716;2262;
10535;2264;
2061;2265;
12297;2266;
7156;2267;
19602;2270;
7715;2271;
17664;2272;
23752;2273;
32715;2274;
11749;2275;
11609;2277;
15595;2278;
35734;2282;
21971;2284;
21695;2285;
22612;2288;
19447;2287;
33722;2289;
3120;2292;
9504;2294;
30469;2295;
36216;2296;
23751;2297;
37215;2298;
371;2300;
31907;2299;
35770;2303;
4523;2305;
922;2306;
12266;2308;
16283;2312;
28167;2313;
5663;2314;
20165;2316;
13675;2317;
16953;2318;
30750;2319;
10067;2320;
15594;2321;
33683;2321;
18859;2322;
16283;2323;
28525;2325;
11530;2326;
19447;2328;
18400;2327;
4869;2329;
26598;2331;
18642;2333;
5778;2334;
3484;2335;
22874;2336;
20684;2339;
28196;2339;
4080;2341;
4658;2343;
28075;2349;
28511;2350;
15378;2244;
1966;2364;
6622;2365;
14545;2366;
12156;2367;
14751;2368;
25539;2369;
23907;2370;
22728;2371;
27456;2372;
18859;2374;
16608;2375;
11805;2376;
12554;2377;
34009;2381;
7273;2382;
8188;2384;
11544;2389;
4871;2391;
10668;2392;
27305;2390;
26346;2393;
172;2394;
33030;2397;
6429;2399;
35930;2400;
32186;2401;
28528;2406;
29645;2407;
5562;2408;
37651;2409;
11473;2411;
35352;2411;
904;2412;
25378;2413;
6080;2415;
31907;2414;
7922;2424;
7472;2420;
19187;2421;
34515;2426;
23078;2429;
35540;2430;
21695;2431;
21213;2433;
17930;2434;
22342;2435;
24638;2436;
7728;2437;
27456;2437;
29022;2437;
3565;2419;
11562;2438;
13190;2439;
15594;2440;
33683;2440;
27926;2441;
29105;2442;
29106;2442;
27171;2443;
34377;2444;
5598;2446;
34953;2447;
27161;2448;
34893;2449;
29490;2450;
16109;2451;
6331;2452;
1665;2453;
33476;2453;
11544;2445;
13151;2378;
28778;2378;
14458;2454;
11405;2457;
25165;2456;
28759;2458;
22728;2461;
32473;2464;
10899;2471;
25402;2472;
34953;2475;
25404;2477;
35140;2478;
33619;2480;
35818;2482;
2765;2483;
8330;2484;
18642;2486;
35734;2487;
13329;2488;
4658;2489;
31189;2490;
34702;2491;
5891;2492;
11608;2493;
27161;2496;
35557;2495;
19793;2498;
21601;2499;
32945;2503;
14031;2504;
9511;2505;
29490;2506;
29106;2507;
14112;2508;
17847;2509;
1311;2510;
29402;2512;
18451;2513;
7885;2514;
12554;2515;
7457;2516;
1369;2519;
11100;2520;
36464;2523;
2001;2524;
11019;2526;
34626;2527;
15510;2530;
12388;2531;
11843;2534;
28528;2536;
4523;2535;
19701;2539;
27493;2540;
32945;2541;
31999;2542;
16953;2543;
21051;2544;
34706;2545;
922;2548;
2191;2547;
27161;2551;
30946;2552;
13096;2553;
494;2555;
27456;2559;
5795;2563;
13868;2564;
14157;2564;
9433;2565;
19382;2572;
19989;2574;
17292;2575;
14361;2577;
10941;2576;
15022;2578;
7687;2582;
8154;2583;
25073;2573;
12167;2460;
35589;2459;
26516;2497;
19101;2579;
22779;2586;
30809;2587;
22989;2589;
34259;2590;
15089;2591;
24638;2593;
15293;2596;
37881;2597;
5322;2598;
16779;2599;
5815;2600;
15960;2601;
2001;2602;
34953;2603;
24888;2604;
10692;2605;
18503;2606;
22319;2607;
2001;2608;
8259;2609;
6896;2610;
12754;2613;
2697;2614;
7951;2616;
34812;2617;
5562;2618;
17395;2619;
15721;2636;
29947;2641;
7556;2621;
7556;2622;
7556;2623;
7556;2624;
7556;2625;
7556;2626;
7556;2627;
7556;2628;
12109;2629;
19447;2630;
19447;2631;
25539;2632;
4994;2643;
4116;2644;
29412;2645;
16953;2647;
9925;2648;
18859;2649;
9502;2650;
11422;2652;
27528;2655;
27471;2656;
11391;2658;
15355;2659;
37499;2661;
24127;2662;
21304;2663;
15621;2666;
12882;2665;
29814;2667;
26346;2670;
19447;2664;
13306;2671;
23317;2673;
25980;2672;
1550;2674;
22134;2675;
2765;2676;
1744;2677;
35589;2678;
21562;2679;
20207;2680;
2687;2651;
31973;2681;
36323;2682;
30969;2683;
27456;2684;
9948;2685;
1207;2686;
32945;2687;
19821;2688;
19447;2689;
11422;2690;
19198;2692;
12862;2693;
512;2694;
512;2695;
36971;2696;
6173;2697;
18451;2699;
13655;2700;
23320;2702;
27153;2703;
22659;2704;
19989;2705;
16280;2706;
29490;2707;
10941;2708;
19269;2710;
14164;2711;
19793;2712;
36494;2712;
37641;2715;
25119;2717;
25402;2718;
15426;2719;
2012;2720;
29952;2722;
14670;2723;
6542;2726;
18508;2727;
16800;2730;
20413;2731;
3116;2733;
27161;2734;
12554;2735;
9575;2736;
22054;2737;
7958;2738;
37651;2739;
2685;2742;
23012;2745;
342;2746;
15563;2746;
34702;2748;
34871;2749;
16953;2724;
16829;2725;
22638;2753;
34722;2753;
22659;2754;
35236;2755;
23602;2756;
23603;2756;
23602;2757;
23603;2757;
10535;2758;
922;2760;
14918;2761;
12554;2762;
8703;2763;
16838;2764;
22173;2765;
9754;2768;
26270;2769;
11784;2770;
21063;2770;
12833;2771;
16660;2772;
30813;2752;
15797;3291;
5268;3292;
10434;3295;
7715;3299;
35707;3299;
6429;3301;
2656;3302;
17046;3304;
22603;3308;
28538;3309;
10434;2773;
7332;3401;
7477;3430;
12306;3433;
28538;3455;
18492;3456;
35734;3457;
4771;3458;
2669;3459;
8915;2774;
35734;2774;
20388;3462;
20776;3465;
101;3466;
8188;3467;
33783;3468;
9027;3478;
28872;3486;
8092;3488;
17175;3514;
3565;3532;
17541;3533;
13750;3657;
35346;3668;
15216;3669;
18138;3425;
12554;3463;
6019;2800;
4444;2801;
13002;2802;
34871;2803;
18642;2804;
11330;2805;
21971;2806;
23597;2809;
22342;2810;
9948;2811;
12554;2812;
13151;2814;
35850;2777;
16953;2817;
3647;2819;
24287;2819;
22620;2820;
27942;2778;
7885;2821;
27069;2823;
24127;2824;
33592;2825;
22638;2826;
19382;2827;
35874;2829;
14112;2828;
26353;2833;
13190;2834;
12565;2836;
34704;2837;
37704;2838;
6548;2839;
29728;2839;
27477;2841;
7261;2842;
3789;2843;
16953;2844;
6055;2846;
5888;2847;
37768;2779;
14751;2849;
7156;2848;
27900;2850;
9728;2780;
17323;2781;
2895;2852;
12281;2861;
5992;2853;
12554;2855;
10053;2857;
31189;2858;
29490;2859;
11506;2862;
4359;2863;
922;2840;
35718;2783;
21558;2864;
7907;2866;
11805;2867;
12554;2868;
12554;2869;
12581;2870;
8550;2872;
22234;2873;
35336;2873;
6439;2874;
17276;2874;
5992;2875;
5641;2876;
8147;2876;
4774;2877;
28892;2878;
27392;2879;
19269;2884;
5992;2885;
10455;2890;
29619;2891;
34893;2892;
20681;2893;
21601;2894;
24888;2784;
13329;2896;
16800;2898;
9428;2899;
22126;2900;
7885;2901;
14152;2903;
15706;2902;
35360;2845;
3982;2906;
17611;2907;
36945;2908;
7893;2909;
647;2910;
16953;2911;
16838;2912;
377;2913;
20256;2914;
17930;2915;
26736;2916;
4774;2917;
4080;2918;
1156;2919;
4294;2921;
23928;2922;
37504;2923;
12554;2924;
13194;2925;
27161;2926;
30285;2927;
2167;2928;
19379;2929;
27161;2930;
11330;2931;
22044;2933;
16800;2934;
8270;2935;
21601;2936;
16228;2937;
19989;2938;
19447;2939;
16617;2941;
13366;2940;
25263;2940;
19447;2942;
922;2943;
18495;2946;
2365;2945;
31642;2947;
31264;2948;
34953;2949;
26098;2950;
848;2951;
990;2952;
22290;2789;
25073;2953;
15258;2954;
31460;2954;
27161;2955;
6542;2957;
7958;2958;
34511;2963;
21728;2964;
377;2965;
22290;2966;
17736;2962;
13175;2968;
27569;2969;
342;2970;
15563;2970;
13190;2971;
30674;2971;
2012;2973;
22290;2975;
30750;2979;
2012;2980;
37768;2981;
2685;2982;
377;2983;
11805;2984;
2297;2985;
7305;2986;
18661;2987;
16838;2988;
27171;2989;
5663;2990;
5992;2991;
22602;2992;
5406;2993;
23129;2993;
23136;2993;
18244;2994;
18246;2994;
10695;2995;
8351;2996;
24840;2996;
32075;2997;
8814;2998;
37499;2999;
1957;3000;
922;3001;
22638;3002;
27161;3003;
2758;3004;
15133;3005;
3789;3006;
30475;3006;
35352;3006;
9575;3010;
10342;3013;
25402;3015;
25402;2791;
22874;2792;
10924;3017;
13366;3018;
25263;3018;
34953;3019;
21923;3021;
26709;3021;
8061;3007;
2982;3023;
2637;3022;
30703;3025;
28538;3026;
7538;3027;
16838;3028;
8061;3030;
27171;3031;
12554;3033;
12266;3036;
8814;3037;
18451;3038;
3383;3041;
11544;3042;
11442;3043;
21601;3046;
11330;3047;
2297;3049;
21601;3050;
1744;3053;
19424;3052;
15595;3054;
33811;3055;
18508;3056;
377;3057;
37768;3058;
30093;2793;
1744;3059;
34953;3060;
16228;3061;
11805;3062;
12413;3063;
18451;3064;
16800;3065;
11544;3066;
36806;3067;
18659;3068;
2982;3069;
9289;3070;
8915;3024;
7664;3035;
16953;3040;
6406;3071;
36766;3073;
24195;3074;
34706;3075;
9502;3076;
10695;3081;
37504;3082;
23434;3084;
29947;3084;
12554;3085;
24127;3088;
15595;3089;
13329;3090;
31907;3091;
15534;3097;
3565;3098;
32715;3099;
11615;3100;
32104;3101;
37651;3102;
18508;3103;
22770;3106;
19447;3107;
5598;3109;
16800;3110;
18543;3111;
32945;3113;
20556;3115;
16353;3116;
11970;3117;
13440;3119;
1744;3121;
18451;3122;
953;3123;
14038;3124;
22728;3125;
19740;3129;
13849;3132;
7907;3133;
4080;3131;
28538;3134;
22659;3135;
550;3137;
26881;3139;
37770;3140;
12929;3142;
22290;3141;
23506;3145;
4156;3144;
7765;3144;
15133;3146;
11530;3147;
3565;3149;
22779;3153;
7727;3154;
24000;2796;
18004;3155;
8095;3157;
101;3158;
13355;3159;
33494;3160;
33494;3162;
5440;3163;
12388;3164;
18216;3165;
15706;3170;
25566;3171;
27471;3172;
5992;3175;
1550;3151;
3565;3152;
4658;2797;
3375;3179;
21116;3180;
5687;3182;
4576;3183;
377;3184;
27926;3186;
5598;3191;
19187;2798;
17292;3192;
19321;3190;
37615;3193;
37768;3194;
15133;3195;
16907;3196;
19928;3198;
3756;3199;
3129;3200;
698;3202;
12554;3204;
6500;3206;
9314;3207;
20684;3208;
7085;3215;
35734;3216;
16838;3217;
911;3218;
27161;3219;
12412;3220;
3780;3222;
19989;3224;
3565;3226;
15133;3228;
11405;3229;
35847;3230;
33196;3231;
12554;3233;
9511;3225;
23920;3242;
11089;3243;
13194;3244;
37768;3245;
19701;3246;
10298;3248;
3756;3249;
9249;3250;
8061;3251;
13108;3253;
27781;3256;
37661;3256;
26641;3257;
11118;3258;
7875;3259;
26531;3260;
550;3262;
27900;3265;
5888;3266;
5992;3267;
18645;3268;
19701;3269;
7781;3273;
18508;3271;
4080;3275;
8814;3276;
9502;3277;
10262;3278;
13856;3278;
5992;3282;
16829;3284;
16953;3285;
8915;3235;
5981;3236;
31118;3237;
1;3238;
24893;3239;
31623;3240;
26461;3241;
31701;3286;
36195;3288;
922;3289;
13282;3293;
23183;3294;
27841;3298;
23916;3300;
19323;3303;
29316;3311;
18642;3312;
21601;3315;
37651;3317;
14112;3316;
26576;3318;
37504;3319;
18508;3320;
14112;3322;
11805;3323;
30703;3324;
15426;3326;
14979;3328;
7472;3329;
28618;3330;
20296;3332;
35734;3333;
7958;3334;
2001;3335;
11096;3337;
12554;3338;
29925;3338;
12554;3340;
29925;3340;
7472;3345;
7472;3344;
17175;3346;
32381;3314;
22290;3347;
18451;3348;
4524;3350;
19989;3351;
34921;3352;
29946;3353;
19505;3354;
24113;3355;
37504;3356;
12833;3357;
14871;3358;
5888;3359;
7958;3361;
377;3362;
2741;3365;
16953;3365;
11805;3367;
12554;3369;
21245;3370;
13791;3371;
2685;3373;
18451;3374;
16953;3375;
14164;3376;
21971;3378;
7160;3379;
16308;3380;
27569;3382;
12554;3383;
13329;3384;
34392;3385;
3351;3388;
10695;3389;
13175;3390;
2685;3391;
12554;3386;
11544;3387;
33081;3393;
24127;3394;
34699;3395;
18729;3396;
262;3397;
571;3397;
1514;3397;
16228;3398;
27271;3400;
17930;3402;
10796;3404;
20046;3405;
30223;3406;
37245;3407;
1688;3408;
17119;3409;
2297;3410;
31938;3411;
22989;3412;
9464;3413;
18977;3415;
33783;3416;
29863;3417;
18451;3418;
4113;3419;
15419;3420;
37341;3421;
2656;3422;
35057;3426;
3221;3427;
7288;3432;
37207;3438;
5309;3439;
2656;3441;
6121;3444;
12554;3445;
13151;3446;
33697;3447;
19187;3451;
19779;3452;
16608;3454;
36999;3461;
12498;3464;
4444;3470;
1744;3471;
14163;3472;
29490;3474;
377;3475;
12554;3476;
12554;3479;
28004;3489;
16110;3491;
25566;3490;
14862;3492;
6548;3496;
28892;3500;
28525;3504;
13293;3493;
22874;3506;
24459;3507;
9511;3516;
12581;3517;
16066;3518;
19989;3524;
10421;3523;
37651;3525;
457;3527;
10668;3531;
690;3528;
27477;3529;
9485;3534;
12094;3538;
31338;3538;
3375;3539;
21971;3540;
4523;3542;
15603;3548;
8061;3544;
22726;3549;
25402;3550;
12554;3551;
14112;3552;
12918;3553;
25399;3555;
7958;3556;
25402;3557;
26961;3559;
10089;3562;
24127;3554;
25851;3563;
26026;3563;
27171;3566;
1951;3567;
5992;3568;
6241;3536;
7958;3571;
25402;3572;
11544;3575;
4080;3577;
19677;3578;
18244;3579;
18246;3579;
10695;3581;
5794;3582;
21126;3583;
9511;3584;
22325;3586;
28511;3587;
683;3588;
25402;3591;
3187;3594;
4774;3595;
16254;3596;
11506;3593;
32738;3597;
11100;3598;
15355;3601;
23751;3607;
27171;3608;
25402;3609;
31907;3610;
377;3611;
21063;3613;
3129;3614;
377;3616;
25402;3617;
21245;3618;
16800;3619;
14751;3620;
33488;3621;
25402;3622;
1399;3623;
1901;3623;
20426;3623;
23114;3623;
25224;3623;
27658;3623;
26590;3623;
31903;3623;
37615;3625;
5992;3612;
458;3626;
12565;3627;
18508;3628;
5992;3630;
7774;3632;
2668;3633;
16953;3634;
14594;3639;
9485;3640;
15140;3642;
16953;3641;
31907;3643;
3832;3543;
37651;3637;
37665;3645;
20207;3648;
9948;3650;
5888;3651;
2050;3652;
7885;3653;
35057;3654;
2213;3655;
28359;3656;
30292;3659;
21245;3658;
6548;3661;
29728;3661;
885;3660;
1543;3660;
1744;3660;
2427;3660;
4643;3660;
7363;3660;
8309;3660;
8506;3660;
9607;3660;
14252;3660;
15173;3660;
15766;3660;
15799;3660;
16602;3660;
17056;3660;
17653;3660;
17855;3660;
17914;3660;
17996;3660;
18714;3660;
18742;3660;
18805;3660;
19989;3660;
20067;3660;
22296;3660;
22568;3660;
23251;3660;
25369;3660;
26372;3660;
27139;3660;
29245;3660;
31510;3660;
31996;3660;
34672;3660;
34706;3660;
34867;3660;
35300;3660;
36512;3660;
36593;3660;
36882;3660;
37111;3660;
1311;3667;
22638;3662;
31264;3663;
15987;3666;
6412;3670;
18508;3671;
7885;3672;
3904;3673;
28362;3296;
3356;3297;
12565;3297;
6927;3675;
12554;3676;
4797;3678;
26406;3679;
29006;3680;
28618;3682;
37722;3683;
21063;3687;
24127;3684;
12413;3686;
25467;3688;
21232;3692;
12137;3694;
24869;3698;
36926;3698;
5656;3699;
5657;3699;
33488;3700;
21378;3702;
2656;3703;
23129;3704;
26579;3705;
19477;3708;
15595;3710;
4739;3711;
16754;3712;
2079;3713;
20132;3715;
16283;3714;
32586;3716;
2799;3717;
3836;3724;
27083;3725;
26533;3728;
11530;3727;
29105;3726;
29106;3726;
31907;3718;
19727;3719;
35599;3722;
35454;3732;
22290;3733;
13151;3734;
7477;3736;
35360;3737;
27171;3739;
550;3740;
21241;3742;
19727;3743;
25648;3744;
13306;3745;
26578;3747;
12281;3748;
21728;3750;
4064;3751;
31907;3752;
15595;3754;
16066;3755;
22342;3756;
8092;3757;
29375;3763;
20046;3767;
11544;3768;
23183;3769;
14812;3770;
3907;3771;
34611;3771;
21235;3762;
20681;3772;
3598;3776;
26598;3778;
30533;3778;
3356;3779;
6622;3779;
377;3780;
11405;3784;
21971;3782;
1957;3781;
11330;3761;
34702;3798;
922;3799;
24779;3802;
36155;3802;
8945;3804;
4444;3803;
31118;3805;
31005;3806;
26440;3807;
3413;3808;
342;3809;
15563;3809;
4774;3811;
3907;3812;
34611;3812;
25402;3814;
16960;3816;
19415;3816;
26117;3817;
3222;3819;
15032;3820;
33592;3821;
17289;3823;
21005;3824;
7885;3825;
3413;3828;
14672;3833;
21254;3833;
26165;3834;
20163;3837;
11608;3835;
16820;3836;
29172;3838;
20207;3841;
957;3839;
5843;3839;
18399;3842;
13833;3843;
36920;3843;
22657;3844;
36209;3846;
33994;3847;
14751;3848;
904;3849;
13326;3850;
35057;3854;
2124;3856;
21558;3860;
2297;3861;
5163;3862;
37651;3863;
20438;3864;
31932;3865;
7958;3869;
24127;3870;
28120;3871;
25576;3872;
2012;3873;
21277;3874;
3187;3875;
11530;3876;
4212;3877;
25265;3878;
13175;3867;
10298;3879;
23644;3880;
33494;3882;
35169;3883;
8;3884;
23506;3885;
33592;3886;
9919;3868;
8514;3888;
20327;3889;
5503;3890;
22659;3891;
9485;3892;
12554;3893;
26576;3893;
16800;3894;
6498;3895;
1546;3896;
14197;3897;
34706;3898;
35540;3899;
26190;3900;
27171;3903;
12554;3905;
12961;3908;
14751;3906;
6049;3912;
7715;3914;
2375;3915;
10615;3916;
7926;3920;
23012;3921;
358;3923;
26165;3927;
16798;3928;
28196;3929;
23434;3930;
3414;3932;
22612;3933;
8061;3934;
21659;3935;
27171;3938;
11405;3940;
3756;3951;
33196;3953;
37574;3954;
12554;3955;
27833;3955;
17465;3956;
36220;3956;
11096;3958;
10924;3959;
3565;3960;
33822;3961;
30837;3962;
11905;3963;
13724;3964;
2297;3965;
11405;3966;
2297;3967;
27569;3968;
23928;3969;
24888;3970;
13194;3971;
13311;3973;
842;3975;
21123;3976;
6069;3977;
12094;3979;
26054;3979;
31338;3979;
2494;3980;
19415;3982;
17930;3984;
922;3985;
35901;3986;
2994;3987;
18460;3987;
16798;3988;
371;3990;
27161;3989;
922;3991;
1549;3995;
19675;3999;
14751;4000;
8915;4002;
36874;4001;
31460;4011;
7997;4012;
27161;3996;
15133;3997;
34539;3998;
19323;4014;
690;3706;
34342;3773;
8947;3785;
24470;3786;
24888;3787;
2494;3788;
36806;3791;
541;3794;
2982;3794;
22256;3794;
4475;3800;
27477;3801;
34463;3826;
19447;3855;
11;3909;
29702;3909;
3156;3978;
12306;4008;
13194;4017;
11545;4018;
28709;4020;
14098;4021;
9759;4023;
5743;4024;
26587;4025;
27456;4026;
8757;4027;
33882;4028;
7574;4029;
11877;4030;
16172;4032;
12294;4033;
6019;4034;
35243;4035;
16800;4038;
33619;4039;
37367;4041;
16056;4043;
8306;4044;
3904;4047;
27456;4048;
12312;4049;
3390;4051;
5598;4052;
12413;4053;
32083;4054;
16283;4056;
21235;4059;
9511;4060;
583;4061;
30329;4062;
21593;4063;
8493;4064;
24261;4065;
29611;4066;
10924;4068;
4658;4070;
11019;4071;
6693;4076;
682;4077;
3187;4078;
11544;4079;
9433;4080;
22930;4082;
833;4083;
28609;4086;
11405;4087;
21116;4089;
27597;4090;
35608;4092;
19382;4093;
13151;4094;
23812;4097;
14848;4098;
27399;4099;
34394;4100;
12882;4096;
26262;4105;
10589;4114;
29702;4106;
23322;4108;
7998;4117;
5941;4116;
5598;4120;
3792;4122;
13574;4122;
14447;4122;
32954;4124;
10298;4125;
25402;4126;
13355;4128;
24190;4129;
28826;4129;
20011;4131;
23416;4131;
28386;4132;
23506;4135;
25123;4137;
14112;4136;
21728;4140;
16589;4141;
17465;4142;
18552;4155;
37651;4147;
9345;4148;
2012;4149;
18514;4153;
4586;4152;
18156;4156;
13514;4036;
34712;4036;
25523;4037;
16254;4042;
6498;4144;
2633;4159;
36021;4160;
27083;4161;
5767;4157;
13103;4157;
6927;4164;
19421;4158;
13821;4165;
7922;4166;
11315;4167;
7885;4169;
6927;4172;
33020;4173;
4331;4175;
10120;4175;
19130;4177;
19977;4177;
7556;4179;
27456;4180;
5598;4183;
12295;4183;
21032;4183;
30883;4183;
35540;4185;
18451;4186;
11083;4187;
10995;4189;
27471;4188;
33679;4191;
9433;4192;
10609;4192;
34643;4194;
37363;4195;
4458;4196;
34953;4197;
29945;4198;
28075;4199;
12565;4203;
11085;4204;
12412;4205;
10440;4206;
2179;4207;
8162;4210;
6548;4212;
29728;4212;
14112;4213;
300;4208;
4658;4214;
16495;4215;
27905;4216;
18710;4220;
24127;4221;
27481;4222;
2637;4225;
15426;4226;
12554;4227;
23752;4228;
9502;4229;
37651;4230;
35454;4231;
16774;4232;
14751;4233;
5610;4234;
27083;4235;
33076;4236;
30277;4242;
4869;4243;
3756;4244;
29172;4245;
16800;4246;
19440;4248;
6511;4250;
3565;4252;
28564;4253;
15890;4254;
28193;4255;
25402;4256;
28618;4258;
31110;4263;
2001;4265;
31907;4267;
15010;4270;
22657;4270;
31569;4270;
18543;4271;
24856;4273;
4168;4275;
6495;4275;
11702;4275;
15603;4277;
35370;4277;
35139;4278;
7538;4279;
29814;4281;
953;4283;
12554;4287;
29925;4287;
31618;4290;
35630;4291;
37608;4295;
20430;4296;
20438;4292;
377;4297;
25402;4300;
35734;4301;
8814;4303;
35734;4307;
33494;4309;
35903;4310;
8780;4312;
13194;4304;
13952;4313;
401;4316;
5757;4317;
18101;4320;
12565;4321;
3021;4322;
34921;4330;
28948;4329;
37651;4325;
34377;4326;
13151;4327;
37504;4328;
13329;4331;
23434;4332;
27456;4334;
21971;4335;
10668;4336;
13194;4339;
12581;4340;
35734;4341;
31118;4342;
12503;4264;
9948;4343;
26630;4344;
2994;4345;
19713;4346;
7340;4349;
17131;4350;
25402;4353;
4576;4354;
7860;4355;
27061;4356;
29540;4358;
3007;4360;
16774;4363;
15603;4364;
922;4365;
23434;4366;
9511;4367;
23735;4368;
15997;4370;
22779;4372;
13393;4374;
19924;4375;
31186;4376;
14519;4377;
16798;4378;
2437;4380;
30716;4380;
29089;4379;
14458;4382;
18431;4384;
23575;4387;
37651;4390;
6107;4391;
3151;4392;
37651;4394;
37651;4393;
32193;4398;
27926;4400;
28759;4399;
11530;4401;
3577;4402;
22173;4403;
26418;4404;
342;4407;
2904;4407;
15563;4407;
12554;4408;
29925;4408;
19683;4409;
7108;4410;
7885;4412;
25021;4413;
19889;4414;
26049;4415;
36205;4416;
26049;4417;
24888;4419;
11118;4422;
14918;4423;
26029;4424;
22325;4425;
34346;4427;
26533;4429;
3565;4433;
35122;4435;
2687;4438;
2494;4439;
3793;4441;
2179;4443;
34953;4444;
10455;4445;
35814;4448;
26431;4450;
16953;4451;
37615;4452;
37615;4453;
21378;4454;
30750;4458;
8259;4459;
19465;4461;
31569;4462;
21695;4463;
18508;4464;
8061;4465;
18943;4466;
27528;4467;
6922;4472;
26445;4473;
6080;4475;
18935;4479;
34277;4483;
33180;4484;
28196;4485;
14851;4487;
16429;4488;
3848;4490;
7885;4491;
14038;4492;
11077;4493;
2730;4496;
37129;4496;
7699;4497;
14291;4498;
6049;4499;
35818;4505;
1033;4508;
3915;4509;
1353;4512;
21974;4501;
17541;4514;
14426;4515;
6132;4516;
8270;4523;
20160;4524;
17338;4526;
9511;4527;
1643;4528;
29131;4530;
22929;4534;
9451;4504;
36806;4510;
9575;4511;
14;4533;
34009;4536;
37678;4537;
29543;4538;
21601;4539;
8968;4540;
19453;4541;
19382;4544;
5598;4546;
3713;4547;
34242;4548;
31405;4550;
10446;4552;
14557;4553;
19611;4553;
33834;4553;
36016;4553;
27471;4554;
3413;4555;
29105;4556;
29106;4556;
8095;4557;
10941;4558;
31212;4269;
320;4274;
30750;4280;
11732;4318;
28178;4411;
26959;4560;
7051;4566;
22659;4569;
32586;4575;
25402;4577;
21063;4582;
7907;4578;
11905;4589;
31569;4594;
18290;4598;
10843;4599;
19360;4600;
26516;4601;
29490;4602;
21593;4595;
27471;4573;
15293;4562;
5457;4561;
13724;4571;
28196;4607;
17002;4608;
28948;4609;
18788;4612;
6548;4613;
29728;4613;
11768;4615;
3565;4616;
16228;4617;
893;4618;
11391;4619;
22325;4610;
35599;4621;
19989;4622;
13601;4606;
17266;4606;
23219;4606;
24255;4606;
2656;4625;
6401;4626;
31329;4627;
22219;4629;
8498;4632;
35226;4634;
1347;4635;
1528;4638;
26346;4639;
27569;4642;
13224;4644;
33494;4643;
35875;4645;
32193;4646;
33494;4647;
18341;4648;
21277;4651;
8896;4655;
30317;4655;
2979;4656;
33556;4657;
19187;4658;
14164;4663;
13059;4662;
573;4664;
29645;4665;
23486;4667;
12554;4668;
23892;4672;
17541;4673;
16617;4675;
2487;4676;
26546;4677;
11019;4680;
5322;4681;
21241;4682;
28359;4683;
3565;4685;
3040;4686;
13507;4686;
17012;4686;
32939;4686;
37654;4686;
15474;4687;
13366;4688;
377;4693;
30474;4690;
13306;4689;
18543;4694;
26273;4695;
12413;4697;
2297;4698;
13428;4698;
8333;4696;
8061;4700;
27471;4704;
22989;4705;
13054;4706;
8203;4707;
22325;4709;
21584;4710;
31661;4712;
13128;4713;
36680;4714;
35189;4716;
4080;4653;
22335;4654;
19031;4678;
5598;4720;
6877;4729;
12034;4729;
21480;4729;
22767;4729;
33176;4734;
408;4736;
6622;4740;
10656;4741;
13791;4733;
16779;4742;
12554;4743;
20046;4744;
5439;4746;
34706;4748;
22560;4749;
922;4751;
14447;4752;
5757;4754;
3565;4755;
27594;4757;
26719;4757;
12581;4758;
25215;4758;
12565;4759;
19142;4760;
548;4762;
550;4762;
36205;4763;
12554;4764;
10695;4765;
22525;4766;
4926;4767;
21378;4767;
10434;4768;
27456;4769;
27456;4770;
19187;4771;
34763;4772;
16490;4773;
33270;4775;
37700;4778;
27456;4779;
21088;4780;
4113;4781;
33030;4747;
12498;4782;
21745;4782;
3375;4784;
31642;4786;
5815;4789;
21501;4790;
4176;4791;
20690;4793;
922;4795;
19793;4796;
22916;4796;
18451;4799;
2001;4801;
16953;4803;
17930;4804;
4826;4805;
35718;4807;
1660;4809;
24433;4809;
23258;4811;
16589;4814;
26539;4812;
3390;4815;
27083;4816;
14467;4819;
6896;4827;
19701;4828;
4064;4829;
842;4830;
17541;4832;
31005;4832;
37504;4834;
1877;4835;
8079;4835;
13175;4836;
19303;4837;
5598;4840;
18642;4841;
19683;4843;
18508;4842;
31907;4844;
15621;4845;
11077;4846;
922;4847;
14751;4848;
36785;4849;
1033;4822;
9511;4823;
37665;4850;
34268;4851;
25471;4853;
6060;4854;
25541;4855;
14543;4857;
23272;4859;
9869;4860;
10696;4862;
1744;4863;
22325;4864;
12554;4867;
27162;4868;
13329;4869;
14080;4870;
2979;4872;
11530;4873;
17561;4874;
10192;4876;
32794;4878;
8306;4879;
28075;4880;
31668;4882;
6429;4883;
13724;4884;
26632;4886;
18451;4887;
12826;4891;
32738;4893;
29395;4895;
4080;4896;
30469;4899;
12554;4900;
18862;4902;
37608;4903;
27171;4908;
11830;4909;
21109;4909;
34051;4909;
34940;4909;
16148;4911;
21566;4911;
35597;4912;
14066;4913;
21116;4914;
541;4915;
22256;4915;
31100;4918;
12554;4920;
36981;4922;
14164;4923;
16109;4924;
34893;4926;
30732;4925;
15293;4927;
29499;4928;
30752;4929;
29516;4930;
31189;4932;
13175;4939;
27263;4940;
11486;4943;
5992;4945;
14943;4946;
29902;4947;
14164;4948;
8826;4953;
10325;4954;
15595;4949;
3756;4958;
19683;4959;
35765;4962;
14098;4952;
17786;4963;
17739;4964;
21618;4965;
34095;4966;
342;4719;
15563;4719;
21669;4969;
17574;4970;
28759;4971;
2012;4972;
28948;4973;
20207;4976;
19701;4977;
13784;4978;
10906;4980;
13791;4980;
29543;4981;
9511;4983;
12388;4984;
15621;4985;
28609;4989;
33994;4998;
21979;4997;
29069;4997;
35360;4992;
24656;4993;
16907;4994;
37431;4995;
37704;4996;
33592;4999;
24928;5000;
36256;5001;
37109;5003;
8311;5005;
22342;5005;
22638;5011;
27171;5012;
15812;5014;
21245;5016;
7472;5017;
7477;5019;
13329;5020;
9345;5021;
33592;4990;
7885;4723;
22342;4726;
29454;4727;
14606;4728;
34667;4756;
34706;4792;
11773;4794;
24869;4866;
36926;4866;
12266;4871;
25900;4901;
2857;4910;
19176;4933;
28178;4935;
16752;4936;
35589;4937;
21302;4938;
27210;4988;
21224;5010;
29441;5024;
698;5026;
922;5028;
36216;5027;
25402;5029;
20725;5030;
28511;5038;
5598;5041;
35458;5043;
13770;5045;
31907;5048;
27103;5044;
27316;5055;
2001;5056;
4658;5057;
31189;5058;
19989;5059;
11264;5061;
31907;5063;
3848;5060;
17291;5064;
22325;5065;
21235;5066;
21971;5069;
1031;5071;
24151;5071;
6270;5080;
19301;5080;
35259;5083;
29525;5084;
16142;5086;
12554;5087;
15089;5089;
15089;5090;
21116;5091;
18290;5092;
31740;5093;
19928;5094;
18642;5096;
13626;5101;
23506;5103;
33030;5106;
5948;5104;
9621;5107;
21717;5107;
26576;5107;
16283;5108;
16829;5109;
14871;5111;
1311;5113;
36342;5114;
12862;5116;
13293;5115;
30809;5119;
29490;5117;
12581;5121;
26346;5122;
13366;5123;
25263;5123;
33649;5125;
37230;5128;
953;5129;
24923;5130;
32378;5131;
34256;5131;
20138;5132;
29125;5134;
2297;5135;
18451;5136;
27374;5137;
23506;5138;
15812;5139;
14851;5140;
27305;5141;
18957;5142;
27171;5143;
5028;5144;
18026;5146;
12743;5147;
35765;5150;
13175;5151;
1744;5153;
14924;5155;
20835;5157;
9084;5158;
15133;5159;
7472;5160;
21971;5164;
28892;5161;
14871;5162;
11544;5165;
8061;5166;
13858;5167;
22875;5167;
13329;5170;
33592;5171;
33592;5173;
33592;5172;
22290;5174;
8814;5175;
12770;5178;
19269;5179;
35867;5180;
34963;5181;
18107;5184;
11545;5185;
29947;5186;
9931;5187;
34924;5190;
922;5193;
12167;5195;
13194;5197;
11849;5198;
25402;5199;
2945;5200;
14447;5201;
26346;5203;
16066;5205;
19117;5208;
11544;5212;
24660;5213;
401;5216;
2858;5217;
30401;5218;
32193;5219;
27846;5220;
3297;5221;
23874;5221;
28913;5226;
14057;5227;
13062;5229;
6331;5230;
2656;5232;
22496;5233;
32738;5236;
26150;5237;
26516;5238;
4302;5239;
21808;5239;
11077;5240;
6049;5241;
880;5242;
13329;5245;
36195;5247;
25968;5248;
25981;5249;
30593;5251;
15355;5255;
37651;5257;
17930;5258;
28040;5259;
29871;5260;
19701;5266;
14164;5268;
16774;5271;
18642;5273;
23012;5274;
2936;5278;
2297;5280;
16549;5282;
27316;5283;
16066;5284;
6985;5286;
2179;5231;
14919;5235;
922;5234;
14449;5243;
6132;5244;
32388;5253;
12902;5288;
29947;5290;
22728;5292;
34924;5293;
18803;5295;
6896;5296;
31264;5297;
14519;5298;
34706;5302;
1079;5303;
10951;5303;
25402;5169;
21378;5289;
26683;5289;
20600;5291;
10843;5294;
18788;5314;
30093;5315;
1920;5317;
172;5316;
35965;5318;
9502;5319;
32715;5320;
7477;5321;
33138;5322;
16816;5323;
170;5325;
17465;5326;
5353;5327;
1695;5333;
33075;5334;
28749;5335;
29947;5328;
9192;5329;
29142;5331;
2494;5338;
8095;5339;
16090;5340;
4461;5341;
24888;5342;
16353;5343;
22659;5344;
29224;5347;
1957;5348;
11805;5349;
35734;5350;
16953;5354;
11733;5356;
3565;5358;
29503;5363;
35540;5364;
3565;5365;
34059;5367;
15426;5368;
12554;5369;
29925;5369;
11905;5370;
12902;5371;
4774;5372;
4212;5373;
7177;5375;
11905;5376;
32042;5337;
4586;5379;
37738;5380;
33075;5381;
10924;5383;
22325;5384;
2132;5385;
8498;5386;
30750;5387;
21249;5382;
6026;5389;
12554;5390;
21032;5393;
25471;5393;
11506;5394;
28040;5395;
28172;5396;
8095;5397;
26346;5398;
27564;5399;
1353;5406;
19269;5402;
27161;5403;
7694;5404;
33494;5407;
15426;5408;
35718;5409;
2683;5410;
23303;5413;
21009;5411;
7774;5414;
6331;5415;
29454;5416;
7477;5417;
9948;5418;
4080;5420;
30846;5422;
26029;5423;
26959;5423;
27926;5424;
12554;5425;
29925;5425;
5673;5426;
16838;5427;
2656;5428;
31668;5429;
13009;5430;
23892;5432;
12902;5431;
5600;5433;
27926;5434;
16816;5435;
21876;5436;
377;5437;
32945;5439;
4458;5441;
35599;5442;
30404;5444;
25402;5446;
35589;5447;
25620;5448;
18663;5450;
13311;5451;
19477;5451;
22342;5304;
8061;5452;
24675;5456;
15089;5455;
21971;5457;
23907;5459;
23907;5458;
22379;5460;
4064;5461;
19187;5464;
19747;5464;
11475;5466;
25879;5466;
30235;5470;
3874;5473;
19269;5478;
25402;5479;
3390;5480;
29750;5481;
19701;5484;
20538;5486;
11286;5493;
6843;5495;
8454;5496;
25402;5499;
21650;5503;
14164;5506;
27161;5507;
12554;5510;
2191;5511;
1272;5512;
27171;5513;
8947;5514;
23283;5515;
6548;5518;
29728;5518;
11422;5519;
377;5520;
28624;5521;
11077;5522;
28892;5523;
28892;5524;
28892;5525;
33556;5526;
377;5527;
377;5530;
16056;5531;
33176;5537;
23735;5539;
22054;5540;
19683;5542;
17930;5547;
16838;5548;
29947;5549;
27161;5552;
18451;5553;
2420;5554;
12498;5556;
21745;5556;
17330;5557;
30382;5557;
30382;5555;
6086;5558;
10924;5559;
572;5560;
647;5564;
14663;5568;
2494;5571;
5963;5576;
21392;5578;
13306;5580;
28075;5581;
30728;5583;
4228;5546;
12554;5586;
19989;5588;
13175;5589;
3883;5590;
24470;5591;
18642;5596;
12413;5599;
3221;5465;
16228;5504;
4294;5509;
12862;5532;
23740;5544;
5961;5551;
9598;5600;
8575;5602;
22930;5603;
28511;5604;
32425;5605;
2297;5606;
22728;5607;
15908;5608;
36590;5609;
9156;5610;
35115;5612;
20771;5613;
33794;5619;
27456;5621;
25539;5615;
6934;5626;
7156;5627;
28511;5628;
11990;5631;
25266;5634;
35998;5635;
26049;5636;
25402;5637;
24964;5641;
6622;5642;
7687;5643;
33882;5644;
14751;5645;
16953;5646;
2179;5648;
29947;5649;
25402;5650;
30732;5651;
7907;5652;
18642;5654;
31763;5655;
19373;5656;
37651;5656;
28511;5658;
17600;5660;
8429;5661;
31838;5662;
3958;5664;
7631;5665;
36335;5669;
10924;5674;
35818;5675;
4175;4;
37049;6;
31907;7;
37608;5;
25576;9;
31907;11;
15426;12;
26809;13;
25402;17;
28511;18;
25402;29;
27378;30;
25402;19;
25402;26;
30475;27;
12413;28;
2365;31;
25467;32;
18642;35;
2656;36;
33592;37;
20594;2;
33488;3;
11805;1;
7922;100;
30809;104;
12554;103;
25123;107;
9511;108;
21631;110;
26043;111;
7629;113;
14447;114;
12964;115;
31668;115;
4320;125;
11283;125;
11285;125;
17631;125;
16710;122;
18341;123;
8061;117;
922;118;
7070;127;
17930;129;
34893;257;
13355;256;
9575;398;
31130;402;
37768;445;
922;499;
20594;1955;
4808;2079;
4810;2081;
5598;2089;
28538;2090;
11805;2162;
3187;2230;
27974;2592;
12554;4218;
34706;4219;
34706;4240;
4307;4241;
13482;5305;
170;5308;
21378;5309;
33531;5310;
16228;5312;
17930;5313;
34706;5449;